{"name":"6201231f-f232-48f4-bd0e-8a60470e0bd9","id":"/providers/Microsoft.Flow/flows/6201231f-f232-48f4-bd0e-8a60470e0bd9","type":"Microsoft.Flow/flows","properties":{"apiId":"/providers/Microsoft.PowerApps/apis/shared_logicflows","displayName":"Copy the file to SharePoint when a new file is added to an SFTP Server","definition":{"metadata":{"workflowEntityId":null,"creator":{"id":"e73b1268-8006-4b97-b766-f25b00e47278","type":"User","tenantId":"2c38eb22-a175-4574-b6d9-176c2dd721bc"},"provisioningMethod":"FromDefinition","failureAlertSubscription":true,"clientLastModifiedTime":"2020-04-14T00:16:16.6009588Z"},"$schema":"https://schema.management.azure.com/providers/Microsoft.Logic/schemas/2016-06-01/workflowdefinition.json#","contentVersion":"1.0.0.0","parameters":{"$connections":{"defaultValue":{},"type":"Object"},"$authentication":{"defaultValue":{},"type":"SecureObject"},"sharepoint.site":{"defaultValue":"","type":"String"},"sharepoint.folderPath":{"defaultValue":"","type":"String"}},"triggers":{"When_a_file_is_added_or_modified":{"recurrence":{"frequency":"Minute","interval":5},"metadata":{"flowSystemMetadata":{"swaggerOperationId":"OnUpdatedFile"},"L3Zhci9saWIvM2N4cGJ4L0luc3RhbmNlMS9EYXRhL0JhY2t1cHM=":"/var/lib/3cxpbx/Instance1/Data/Backups"},"type":"ApiConnection","inputs":{"host":{"connection":{"name":"@parameters('$connections')['shared_sftp']['connectionId']"},"api":{"runtimeUrl":"https://flow-apim-msmanaged-na-centralus-01.azure-apim.net/apim/sftp"}},"method":"get","path":"/datasets/default/triggers/onupdatedfile","queries":{"folderId":"L3Zhci9saWIvM2N4cGJ4L0luc3RhbmNlMS9EYXRhL0JhY2t1cHM=","includeFileContent":true},"authentication":"@parameters('$authentication')"},"conditions":[]}},"actions":{"Upload_file_to_OneDrive":{"runAfter":{},"metadata":{"flowSystemMetadata":{"swaggerOperationId":"CreateFile"}},"type":"ApiConnection","inputs":{"host":{"connection":{"name":"@parameters('$connections')['shared_onedriveforbusiness']['connectionId']"},"api":{"runtimeUrl":"https://flow-apim-msmanaged-na-eastus2-01.azure-apim.net/apim/onedriveforbusiness"}},"method":"post","body":"@triggerBody()","path":"/datasets/default/files","queries":{"folderPath":"/PBX Backups/Backups","name":"@base64ToString(triggerOutputs()['headers']['x-ms-file-name-encoded'])"},"authentication":"@parameters('$authentication')"},"runtimeConfiguration":{"contentTransfer":{"transferMode":"Chunked"}}}},"description":"When a file is added to an SFTP server, copy the file to a SharePoint library"},"connectionReferences":{"shared_onedriveforbusiness":{"connectionName":"shared-onedriveforbu-7a12ae0e-5007-4d4a-97db-729fa7eb26a8","source":"Embedded","id":"/providers/Microsoft.PowerApps/apis/shared_onedriveforbusiness","tier":"NotSpecified"},"shared_sftp":{"connectionName":"shared-sftp-defdc2c5-56ba-4b1a-9573-6237475dc02d","source":"Embedded","id":"/providers/Microsoft.PowerApps/apis/shared_sftp","tier":"NotSpecified"}},"flowFailureAlertSubscribed":false}}